{
  "type": "tracker_metrics",
  "timestamp": "2025-09-10T01:22:31.210254",
  "total_requests": 1,
  "batch_start_time": 1757438549.2407491,
  "batch_end_time": 1757438551.210239,
  "batch_duration": 1.9694898128509521,
  "raw_metrics": [
    {
      "request_start": 1757438549.2407491,
      "first_token_time": 1757438551.075972,
      "request_end": 1757438551.2098439,
      "input_tokens": 5,
      "output_tokens": 2
    }
  ],
  "batch_stats": {
    "avg_ttft": 1.8352229595184326,
    "p50_ttft": 1.8352229595184326,
    "p95_ttft": 1.8352229595184326,
    "p99_ttft": 1.8352229595184326,
    "min_ttft": 1.8352229595184326,
    "max_ttft": 1.8352229595184326,
    "avg_e2e_latency": 1.9690947532653809,
    "p50_e2e_latency": 1.9690947532653809,
    "p95_e2e_latency": 1.9690947532653809,
    "p99_e2e_latency": 1.9690947532653809,
    "min_e2e_latency": 1.9690947532653809,
    "max_e2e_latency": 1.9690947532653809,
    "avg_itl": 0.13387179374694824,
    "p50_itl": 0.13387179374694824,
    "p95_itl": 0.13387179374694824,
    "p99_itl": 0.13387179374694824,
    "min_itl": 0.13387179374694824,
    "max_itl": 0.13387179374694824,
    "avg_tps": 14.939666856040706,
    "p50_tps": 14.939666856040706,
    "p5_tps": 14.939666856040706,
    "p1_tps": 14.939666856040706,
    "min_tps": 14.939666856040706,
    "max_tps": 14.939666856040706,
    "rps": 0.5077302808777262,
    "total_requests": 1,
    "successful_requests": 1
  }
}